condition,location_Downtown,location_Mountain,location_Rural,location_Suburb,location_Urban,location_Waterfront,price,sqft,bedrooms,bathrooms,house_age
2.0,0.0,0.0,0.0,0.0,1.0,0.0,495000.0,1950.0,3.0,2.0,45.0
1.0,0.0,0.0,1.0,0.0,0.0,0.0,320000.0,1700.0,2.0,1.5,65.0
2.0,1.0,0.0,0.0,0.0,0.0,0.0,615000.0,2230.0,3.0,2.0,40.0
1.0,0.0,0.0,0.0,1.0,0.0,0.0,398000.0,1680.0,2.0,2.0,58.0
1.0,0.0,0.0,0.0,1.0,0.0,0.0,357000.0,1580.0,2.0,1.5,66.0
3.0,0.0,0.0,0.0,0.0,0.0,1.0,1250000.0,3250.0,4.0,3.5,16.0
2.0,0.0,0.0,0.0,0.0,1.0,0.0,527000.0,2010.0,3.0,2.0,33.0
2.0,0.0,0.0,0.0,1.0,0.0,0.0,428000.0,1760.0,2.0,2.0,55.0
2.0,0.0,0.0,0.0,1.0,0.0,0.0,401000.0,1742.0,2.0,1.5,63.0
2.0,0.0,0.0,0.0,0.0,1.0,0.0,537000.0,2050.0,3.0,2.0,36.0
2.0,1.0,0.0,0.0,0.0,0.0,0.0,587000.0,2180.0,3.0,2.0,42.0
2.0,0.0,0.0,0.0,1.0,0.0,0.0,420000.0,1750.0,2.0,2.0,54.0
2.0,0.0,0.0,0.0,1.0,0.0,0.0,415000.0,1720.0,2.0,2.0,56.0
2.0,0.0,0.0,0.0,0.0,1.0,0.0,475000.0,1920.0,3.0,2.0,48.0
3.0,1.0,0.0,0.0,0.0,0.0,0.0,729000.0,2640.0,3.0,2.5,31.0
1.0,0.0,0.0,1.0,0.0,0.0,0.0,312000.0,1680.0,2.0,1.5,67.0
2.0,0.0,0.0,0.0,0.0,1.0,0.0,502000.0,1950.0,3.0,2.0,44.0
1.0,0.0,0.0,1.0,0.0,0.0,0.0,276000.0,1422.0,2.0,1.0,74.0
2.0,0.0,0.0,0.0,0.0,1.0,0.0,520000.0,2050.0,3.0,2.0,36.0
1.0,0.0,0.0,1.0,0.0,0.0,0.0,328000.0,1730.0,2.0,1.5,61.0
2.0,0.0,0.0,0.0,0.0,1.0,0.0,512000.0,2030.0,3.0,2.0,38.0
3.0,0.0,0.0,0.0,0.0,0.0,1.0,1190000.0,3170.0,4.0,3.5,20.0
2.0,0.0,0.0,0.0,1.0,0.0,0.0,440000.0,1830.0,3.0,2.0,51.0
0.0,0.0,0.0,1.0,0.0,0.0,0.0,249000.0,1350.0,2.0,1.0,79.0
3.0,0.0,0.0,0.0,0.0,0.0,1.0,1140000.0,3050.0,4.0,3.5,23.0
2.0,0.0,0.0,0.0,0.0,1.0,0.0,492000.0,1980.0,3.0,2.0,46.0
3.0,0.0,0.0,0.0,0.0,0.0,1.0,1210000.0,3102.0,4.0,3.0,21.0
0.0,0.0,0.0,1.0,0.0,0.0,0.0,251000.0,1380.0,2.0,1.0,78.0
3.0,0.0,0.0,0.0,0.0,0.0,1.0,1580000.0,3680.0,5.0,4.0,8.0
3.0,0.0,0.0,0.0,0.0,0.0,1.0,1680000.0,3850.0,5.0,4.5,14.0
3.0,0.0,0.0,0.0,0.0,0.0,1.0,1220000.0,3220.0,4.0,3.5,18.0
3.0,1.0,0.0,0.0,0.0,0.0,0.0,891000.0,2950.0,3.0,2.5,25.0
2.0,0.0,0.0,0.0,1.0,0.0,0.0,430000.0,1780.0,2.0,2.0,54.0
3.0,1.0,0.0,0.0,0.0,0.0,0.0,695000.0,2550.0,3.0,2.5,34.0
0.0,0.0,0.0,1.0,0.0,0.0,0.0,264000.0,1440.0,2.0,1.0,75.0
3.0,0.0,0.0,0.0,0.0,0.0,1.0,1170000.0,3150.0,4.0,3.5,21.0
1.0,0.0,0.0,0.0,1.0,0.0,0.0,380000.0,1650.0,2.0,1.5,61.0
3.0,1.0,0.0,0.0,0.0,0.0,0.0,748000.0,2680.0,3.0,2.5,29.0
2.0,0.0,0.0,0.0,1.0,0.0,0.0,495000.0,1527.0,2.0,1.5,70.0
2.0,0.0,0.0,0.0,1.0,0.0,0.0,425000.0,1720.0,2.0,2.0,56.0
2.0,0.0,0.0,0.0,0.0,1.0,0.0,545000.0,2120.0,3.0,2.5,29.0
0.0,0.0,0.0,1.0,0.0,0.0,0.0,261000.0,1450.0,2.0,1.0,76.0
2.0,1.0,0.0,0.0,0.0,0.0,0.0,582000.0,2200.0,3.0,2.0,41.0
3.0,0.0,1.0,0.0,0.0,0.0,0.0,982000.0,2980.0,4.0,3.0,16.0
2.0,1.0,0.0,0.0,0.0,0.0,0.0,682000.0,2420.0,3.0,2.5,36.0
3.0,0.0,0.0,0.0,0.0,0.0,1.0,1280000.0,3280.0,4.0,3.5,14.0
3.0,1.0,0.0,0.0,0.0,0.0,0.0,730000.0,2620.0,3.0,2.5,32.0
0.0,0.0,0.0,1.0,0.0,0.0,0.0,258000.0,1420.0,2.0,1.0,76.0
1.0,0.0,0.0,1.0,0.0,0.0,0.0,325000.0,1720.0,2.0,1.5,64.0
2.0,1.0,0.0,0.0,0.0,0.0,0.0,592000.0,2220.0,3.0,2.0,41.0
2.0,0.0,0.0,0.0,0.0,1.0,0.0,529000.0,2100.0,3.0,2.5,34.0
3.0,0.0,0.0,0.0,0.0,0.0,1.0,1340000.0,3420.0,4.0,4.0,12.0
2.0,0.0,0.0,0.0,0.0,1.0,0.0,530000.0,2080.0,3.0,2.0,35.0
1.0,0.0,0.0,1.0,0.0,0.0,0.0,279000.0,1480.0,2.0,1.0,73.0
2.0,0.0,0.0,0.0,0.0,1.0,0.0,535000.0,2080.0,3.0,2.5,31.0
3.0,1.0,0.0,0.0,0.0,0.0,0.0,752000.0,2526.0,3.0,2.5,28.0
1.0,0.0,0.0,1.0,0.0,0.0,0.0,302000.0,1680.0,2.0,1.5,66.0
2.0,1.0,0.0,0.0,0.0,0.0,0.0,552000.0,2150.0,3.0,2.0,44.0
1.0,0.0,0.0,1.0,0.0,0.0,0.0,319000.0,1622.0,2.0,1.5,51.0
3.0,0.0,0.0,0.0,0.0,0.0,1.0,1380000.0,3480.0,4.0,4.0,11.0
1.0,0.0,0.0,0.0,1.0,0.0,0.0,372000.0,1640.0,2.0,1.5,63.0
2.0,0.0,0.0,0.0,0.0,1.0,0.0,510000.0,1980.0,3.0,2.0,42.0
1.0,0.0,0.0,0.0,1.0,0.0,0.0,375000.0,1620.0,2.0,1.5,64.0
1.0,0.0,0.0,0.0,1.0,0.0,0.0,368000.0,1620.0,2.0,1.5,64.0
2.0,1.0,0.0,0.0,0.0,0.0,0.0,575000.0,2150.0,3.0,2.0,43.0
2.0,0.0,0.0,0.0,0.0,1.0,0.0,482000.0,1925.0,3.0,2.0,47.0
2.0,1.0,0.0,0.0,0.0,0.0,0.0,620000.0,2280.0,3.0,2.0,38.0
